{
  "model_version": "V9.6",
  "vocab_size": 953,
  "n_classes": {
    "attr_1": 12,
    "attr_2": 31,
    "attr_3": 100,
    "attr_4": 12,
    "attr_5": 31,
    "attr_6": 100
  },
  "label_min": {
    "attr_1": 1,
    "attr_2": 1,
    "attr_3": 0,
    "attr_4": 1,
    "attr_5": 1,
    "attr_6": 0
  },
  "aux_dim": 54,
  "max_seq_len": 66,
  "ATTRS": [
    "attr_1",
    "attr_2",
    "attr_3",
    "attr_4",
    "attr_5",
    "attr_6"
  ],
  "M_NORM": [
    12,
    31,
    99,
    12,
    31,
    99
  ],
  "W_PENALTY": [
    1,
    1,
    100,
    1,
    1,
    100
  ],
  "SOFT_DECODE_ATTRS": [
    "attr_3",
    "attr_6"
  ],
  "SIGNAL_TOKENS": [
    21040,
    20022,
    102,
    103,
    105
  ],
  "EMBED_DIM": 160,
  "N_HEADS": 4,
  "N_LAYERS": 5,
  "FF_DIM": 640,
  "DROPOUT": 0.1,
  "N_TOP": 5,
  "n_ensemble_models": 5,
  "ensemble_weights": [
    0.22006255368231983,
    0.20469879107557093,
    0.19619818515228252,
    0.19036116444851645,
    0.18867930564131039
  ],
  "pruned_wmse": [
    0.06287116829706278,
    0.06758999371409248,
    0.07051844071007844,
    0.07268073919141368,
    0.07332860440231444
  ],
  "best_val_wmse": 0.06287116829706278,
  "best_val_exact": 0.7153157894736842
}